Workbook

Sheet Core Details
A1: Research Vessel | B1: XXXX (Ex: RV/IB Nathaniel B. Palmer)
A2: Cruise Number | B2: XXXX (Ex: NBP2002)
A3: Year | B3: XXXX
A4: Region | B4: XXXX (Ex: Amundsen Sea)
A5: Core site location | B5: XXXX (Ex: Pine Island Calving Margin)
A6: Event Number
A7: Core name | B7: XXXX
A8: Latitude (deg/min) S
A9: Longitude (deg/min) W
A10: Date collected
A11: Water depth (m)
A12: Total core length (m)
A13: Continuous sampling 2cm intervals
A14: Sampling intervals ending in 0's or 5's (e.g. 65-67, 70-72)
A15: Base of barrel sample
A16: Munsell Color Description
A17: Sediment Description
A21: Notes

Sheet Sample Weight Measurements
E1: Water content | J1: Prepped sample weight
A2: Core | B2: Top of interval (cm) | C2: Center point of interval | D2: Base of interval (cm) | E2: Aluminum tin weight (g) | F2: Wet sed+tin weight (g) | G2: Dry sed+tin weight (g) | H2: Dry sed weight (g) | I2: Water content (g) | J2: Water content % | K2: Petri dish+label weight (g) | L2: Petri dish+dry sed (g) | M2: Dry sed weight in dish (g) | N2: Consistency
A3: ='Core Details'!B7 -> XXXX | B3: X | C3: =(B3+D3)/2 -> #VALUE! | D3: X | E3: X | F3: X | G3: X | H3: =G3-E3 -> #VALUE! | I3: =F3-G3 -> #VALUE! | J3: =100*I3/(H3+I3) -> #VALUE! | K3: X | L3: X | M3: =L3-K3 -> #VALUE!
A4: =A3 -> XXXX | B4: X | C4: =(B4+D4)/2 -> #VALUE! | D4: X | E4: X | F4: X | G4: X | H4: =G4-E4 -> #VALUE! | I4: =F4-G4 -> #VALUE! | J4: =100*I4/(H4+I4) -> #VALUE! | K4: X | L4: X | M4: =L4-K4 -> #VALUE!
A5: =A4 -> XXXX | B5: X | C5: =(B5+D5)/2 -> #VALUE! | D5: X | E5: X | F5: X | G5: X | H5: =G5-E5 -> #VALUE! | I5: =F5-G5 -> #VALUE! | J5: =100*I5/(H5+I5) -> #VALUE! | K5: X | L5: X | M5: =L5-K5 -> #VALUE!
A6: =A5 -> XXXX | B6: X | C6: =(B6+D6)/2 -> #VALUE! | D6: X | E6: X | F6: X | G6: X | H6: =G6-E6 -> #VALUE! | I6: =F6-G6 -> #VALUE! | J6: =100*I6/(H6+I6) -> #VALUE! | K6: X | L6: X | M6: =L6-K6 -> #VALUE!
A7: =A6 -> XXXX | B7: X | C7: =(B7+D7)/2 -> #VALUE! | D7: X | E7: X | F7: X | G7: X | H7: =G7-E7 -> #VALUE! | I7: =F7-G7 -> #VALUE! | J7: =100*I7/(H7+I7) -> #VALUE! | K7: X | L7: X | M7: =L7-K7 -> #VALUE!
A8: =A7 -> XXXX | B8: X | C8: =(B8+D8)/2 -> #VALUE! | D8: X | E8: X | F8: X | G8: X | H8: =G8-E8 -> #VALUE! | I8: =F8-G8 -> #VALUE! | J8: =100*I8/(H8+I8) -> #VALUE! | K8: X | L8: X | M8: =L8-K8 -> #VALUE!
A9: =A8 -> XXXX | B9: X | C9: =(B9+D9)/2 -> #VALUE! | D9: X | E9: X | F9: X | G9: X | H9: =G9-E9 -> #VALUE! | I9: =F9-G9 -> #VALUE! | J9: =100*I9/(H9+I9) -> #VALUE! | K9: X | L9: X | M9: =L9-K9 -> #VALUE!
A10: =A9 -> XXXX | B10: X | C10: =(B10+D10)/2 -> #VALUE! | D10: X | E10: X | F10: X | G10: X | H10: =G10-E10 -> #VALUE! | I10: =F10-G10 -> #VALUE! | J10: =100*I10/(H10+I10) -> #VALUE! | K10: X | L10: X | M10: =L10-K10 -> #VALUE!
A11: =A10 -> XXXX | B11: X | C11: =(B11+D11)/2 -> #VALUE! | D11: X | E11: X | F11: X | G11: X | H11: =G11-E11 -> #VALUE! | I11: =F11-G11 -> #VALUE! | J11: =100*I11/(H11+I11) -> #VALUE! | K11: X | L11: X | M11: =L11-K11 -> #VALUE!
A12: =A11 -> XXXX | B12: X | C12: =(B12+D12)/2 -> #VALUE! | D12: X | E12: X | F12: X | G12: X | H12: =G12-E12 -> #VALUE! | I12: =F12-G12 -> #VALUE! | J12: =100*I12/(H12+I12) -> #VALUE! | K12: X | L12: X | M12: =L12-K12 -> #VALUE!
A13: =A12 -> XXXX | B13: X | C13: =(B13+D13)/2 -> #VALUE! | D13: X | E13: X | F13: X | G13: X | H13: =G13-E13 -> #VALUE! | I13: =F13-G13 -> #VALUE! | J13: =100*I13/(H13+I13) -> #VALUE! | K13: X | L13: X | M13: =L13-K13 -> #VALUE!
A14: =A13 -> XXXX | B14: X | C14: =(B14+D14)/2 -> #VALUE! | D14: X | E14: X | F14: X | G14: X | H14: =G14-E14 -> #VALUE! | I14: =F14-G14 -> #VALUE! | J14: =100*I14/(H14+I14) -> #VALUE! | K14: X | L14: X | M14: =L14-K14 -> #VALUE!
A15: =A14 -> XXXX | B15: X | C15: =(B15+D15)/2 -> #VALUE! | D15: X | E15: X | F15: X | G15: X | H15: =G15-E15 -> #VALUE! | I15: =F15-G15 -> #VALUE! | J15: =100*I15/(H15+I15) -> #VALUE! | K15: X | L15: X | M15: =L15-K15 -> #VALUE!
... A19: =A18 -> XXXX | B19: X | C19: =(B19+D19)/2 -> #VALUE! | D19: X | E19: X | F19: X | G19: X | H19: =G19-E19 -> #VALUE! | I19: =F19-G19 -> #VALUE! | J19: =100*I19/(H19+I19) -> #VALUE! | K19: X | L19: X | M19: =L19-K19 -> #VALUE!

Sheet Point source runs
A1: Sample | B1: Run # | C1: Date | D1: Measured Pb-210 Activity (Bq/unit) | E1: Measured Pb-210 Uncertainty (Bq/uit) | G1: Average Point Source Activity
A2: Point source on top of empty petri dish with lid on | B2: 1 | C2: 43965 | D2: 128883 | E2: 4743.82 | G2: =AVERAGE(D2:D11) -> 128902.5
B3: 2 | C3: 43965 | D3: 128782 | E3: 4740.12
B4: 3 | C4: 43965 | D4: 128879 | E4: 4743.68
B5: 4 | C5: 43965 | D5: 129238 | E5: 4756.89
B6: 5 | C6: 43965 | D6: 128671 | E6: 4736.04
B7: 6 | C7: 43965 | D7: 128922 | E7: 4745.25
B8: 7 | C8: 43965 | D8: 129029 | E8: 4749.19
B9: 8 | C9: 43966 | D9: 128887 | E9: 4743.95
B10: 9 | C10: 43966 | D10: 128787 | E10: 4740.31
B11: 10 | C11: 43966 | D11: 128947 | E11: 4746.17
E13: average uncertainty
E14: =AVERAGE(E2:E11) -> 4744.542

Sheet Self absorption correction
A1: Sample Info | G1: (Bq/unit)
A2: Cruise | B2: Core | C2: Top of 2 cm sample interval | D2: Center point of interval | E2: Runtime with point source (s) | F2: Date pointsource correction run | G2: Point source Pb-210 activity | H2: Sediment +point source Pb-210 actvity | I2: Sediment +Point source activity uncertainty | J2: % detector is measuring | K2: % not measured
A3: ='Core Details'!B2 -> XXXX (Ex: NBP2002) | B3: ='Sample Weight Measurements'!A3 -> XXXX | C3: ='Sample Weight Measurements'!B3 -> X | D3: ='Sample Weight Measurements'!C3 -> #VALUE! | E3: 1000 | F3: 43965 | G3: ='Point source runs'!G2 -> 128902.5 | H3: X | I3: X | J3: =H3/G3 -> #VALUE! | K3: =1-J3 -> #VALUE!
A4: =A3 -> XXXX (Ex: NBP2002) | B4: ='Sample Weight Measurements'!A4 -> XXXX | C4: ='Sample Weight Measurements'!B4 -> X | D4: ='Sample Weight Measurements'!C4 -> #VALUE! | E4: 1000 | F4: 43965 | G4: =G3 -> 128902.5 | H4: X | I4: X | J4: =H4/G4 -> #VALUE! | K4: =1-J4 -> #VALUE!
A5: =A4 -> XXXX (Ex: NBP2002) | B5: ='Sample Weight Measurements'!A5 -> XXXX | C5: ='Sample Weight Measurements'!B5 -> X | D5: ='Sample Weight Measurements'!C5 -> #VALUE! | E5: 1000 | F5: 43965 | G5: =G4 -> 128902.5 | H5: X | I5: X | J5: =H5/G5 -> #VALUE! | K5: =1-J5 -> #VALUE!
A6: =A5 -> XXXX (Ex: NBP2002) | B6: ='Sample Weight Measurements'!A6 -> XXXX | C6: ='Sample Weight Measurements'!B6 -> X | D6: ='Sample Weight Measurements'!C6 -> #VALUE! | E6: 1000 | F6: 43965 | G6: =G5 -> 128902.5 | H6: X | I6: X | J6: =H6/G6 -> #VALUE! | K6: =1-J6 -> #VALUE!
A7: =A6 -> XXXX (Ex: NBP2002) | B7: ='Sample Weight Measurements'!A7 -> XXXX | C7: ='Sample Weight Measurements'!B7 -> X | D7: ='Sample Weight Measurements'!C7 -> #VALUE! | E7: 1000 | F7: 43965 | G7: =G6 -> 128902.5 | H7: X | I7: X | J7: =H7/G7 -> #VALUE! | K7: =1-J7 -> #VALUE!
A8: =A7 -> XXXX (Ex: NBP2002) | B8: ='Sample Weight Measurements'!A8 -> XXXX | C8: ='Sample Weight Measurements'!B8 -> X | D8: ='Sample Weight Measurements'!C8 -> #VALUE! | E8: 1000 | F8: 43965 | G8: =G7 -> 128902.5 | H8: X | I8: X | J8: =H8/G8 -> #VALUE! | K8: =1-J8 -> #VALUE!
A9: =A8 -> XXXX (Ex: NBP2002) | B9: ='Sample Weight Measurements'!A9 -> XXXX | C9: ='Sample Weight Measurements'!B9 -> X | D9: ='Sample Weight Measurements'!C9 -> #VALUE! | E9: 1000 | F9: 43965 | G9: =G8 -> 128902.5 | H9: X | I9: X | J9: =H9/G9 -> #VALUE! | K9: =1-J9 -> #VALUE!
A10: =A9 -> XXXX (Ex: NBP2002) | B10: ='Sample Weight Measurements'!A10 -> XXXX | C10: ='Sample Weight Measurements'!B10 -> X | D10: ='Sample Weight Measurements'!C10 -> #VALUE! | E10: 1000 | F10: 43965 | G10: =G9 -> 128902.5 | H10: X | I10: X | J10: =H10/G10 -> #VALUE! | K10: =1-J10 -> #VALUE!
A11: =A10 -> XXXX (Ex: NBP2002) | B11: ='Sample Weight Measurements'!A11 -> XXXX | C11: ='Sample Weight Measurements'!B11 -> X | D11: ='Sample Weight Measurements'!C11 -> #VALUE! | E11: 1000 | F11: 43965 | G11: =G10 -> 128902.5 | H11: X | I11: X | J11: =H11/G11 -> #VALUE! | K11: =1-J11 -> #VALUE!
A12: =A11 -> XXXX (Ex: NBP2002) | B12: ='Sample Weight Measurements'!A12 -> XXXX | C12: ='Sample Weight Measurements'!B12 -> X | D12: ='Sample Weight Measurements'!C12 -> #VALUE! | E12: 1000 | F12: 43965 | G12: =G11 -> 128902.5 | H12: X | I12: X | J12: =H12/G12 -> #VALUE! | K12: =1-J12 -> #VALUE!
A13: =A12 -> XXXX (Ex: NBP2002) | B13: ='Sample Weight Measurements'!A13 -> XXXX | C13: ='Sample Weight Measurements'!B13 -> X | D13: ='Sample Weight Measurements'!C13 -> #VALUE! | E13: 1000 | F13: 43965 | G13: =G12 -> 128902.5 | H13: X | I13: X | J13: =H13/G13 -> #VALUE! | K13: =1-J13 -> #VALUE!
A14: =A13 -> XXXX (Ex: NBP2002) | B14: ='Sample Weight Measurements'!A14 -> XXXX | C14: ='Sample Weight Measurements'!B14 -> X | D14: ='Sample Weight Measurements'!C14 -> #VALUE! | E14: 1000 | F14: 43965 | G14: =G13 -> 128902.5 | H14: X | I14: X | J14: =H14/G14 -> #VALUE! | K14: =1-J14 -> #VALUE!
A15: =A14 -> XXXX (Ex: NBP2002) | B15: ='Sample Weight Measurements'!A15 -> XXXX | C15: ='Sample Weight Measurements'!B15 -> X | D15: ='Sample Weight Measurements'!C15 -> #VALUE! | E15: 1000 | F15: 43965 | G15: =G14 -> 128902.5 | H15: X | I15: X | J15: =H15/G15 -> #VALUE! | K15: =1-J15 -> #VALUE!
... A19: =A18 -> XXXX (Ex: NBP2002) | B19: ='Sample Weight Measurements'!A19 -> XXXX | C19: ='Sample Weight Measurements'!B19 -> X | D19: ='Sample Weight Measurements'!C19 -> #VALUE! | E19: 1000 | F19: 43965 | G19: =G18 -> 128902.5 | H19: X | I19: X | J19: =H19/G19 -> #VALUE! | K19: =1-J19 -> #VALUE!

Sheet Excess Pb-210
A1: Sampl Information | H1: Pb-210 uncorrected | L1: Self Absorbtion Correction | O1: Supported (background) activity | W1: Unsupported activity | Y1: CIC model - monotonic decline
A2: Cruise | B2: Core | C2: Date Collected | D2: Depth Interval (cm) | E2: Depth for model (cm) | F2: Sediment mass (g) | G2: Runtime (hrs) | H2: Pb-210 activity (Bq/unit) | I2: Pb-210 activity Uncertainty (Bq-unit) | J2: Pb-210 activity Uncertainty (Bq-g) | K2: Pb-210 activity (Bq/g) | L2: Pb-210 correction factor | M2: Pb-210 activity (Bq/unit) / correction factor | N2: Self absorb. Corrected Pb-210 activity (Bq/g) | O2: Bi-214 activity (Bq/unit) | P2: Bi-214 activity (Bq/g) | Q2: Bi-214 activity uncertainty (Bq/unit) | R2: Pb-214 activity (Bq/unit) | S2: Pb-214 activity (Bq/g) | T2: Pb-214 activity uncertainty (Bq/unit) | U2: Averaged supported activity of Bi-214 and Pb-214 (Bq/g) | V2: Background activity uncertainty (Bq/g) | W2: Excess Pb-210 (Bq/g) | Y2: surface activity | Z2: age | AA2: calendar years pre 2019 | AG2: TOP Excess + Uncertainty (Bq/g) | AH2: Excess + Uncertainty (Bq/g) | AI2: TOP Excess - Uncertainty (Bq/g) | AJ2: Excess - Uncertainty (Bq/g) | AK2: Upper age | AL2: Lower Age | AM2: upper error bar | AN2: Lower error bar
A3: NBP1902 | B3: ='Sample Weight Measurements'!A3 -> XXXX | C3: 2019 | D3: ='Sample Weight Measurements'!B3 -> X | E3: ='Sample Weight Measurements'!C3 -> #VALUE! | F3: ='Sample Weight Measurements'!M3 -> #VALUE! | G3: 20 | H3: X | I3: X | J3: =I3/F3 -> #VALUE! | K3: =H3/F3 -> #VALUE! | L3: ='Self absorption correction'!J3 -> #VALUE! | M3: =H3/L3 -> #VALUE! | N3: =K3/L3 -> #VALUE! | O3: X | P3: =O3/F3 -> #VALUE! | Q3: X | R3: X | S3: =R3/F3 -> #VALUE! | T3: X | U3: =(P3+S3)/2 -> #VALUE! | V3: =AVERAGE(Q3,T3)/F3 -> #DIV/0! | W3: =N3-U3 -> #VALUE! | Y3: =W3 -> #VALUE! | Z3: =(1/0.03114)*LN(Y3/W3) -> #VALUE! | AA3: =2019-Z3 -> #VALUE! | AG3: =W3+J3 -> #VALUE! | AH3: =W3+J3 -> #VALUE! | AI3: =W3-J3 -> #VALUE! | AJ3: =W3-J3 -> #VALUE! | AK3: =2019-((1/0.03114)*LN(AG3/AH3)) -> #VALUE! | AL3: =2019-((1/0.03114)*LN(AI3/AJ3)) -> #VALUE! | AM3: =AK3-AA3 -> #VALUE! | AN3: =AA3-AL3 -> #VALUE!
A4: NBP1902 | B4: ='Sample Weight Measurements'!A4 -> XXXX | C4: 2019 | D4: ='Sample Weight Measurements'!B4 -> X | E4: ='Sample Weight Measurements'!C4 -> #VALUE! | F4: ='Sample Weight Measurements'!M4 -> #VALUE! | G4: 20 | H4: X | I4: X | J4: =I4/F4 -> #VALUE! | K4: =H4/F4 -> #VALUE! | L4: ='Self absorption correction'!J4 -> #VALUE! | M4: =H4/L4 -> #VALUE! | N4: =K4/L4 -> #VALUE! | O4: X | P4: =O4/F4 -> #VALUE! | Q4: X | R4: X | S4: =R4/F4 -> #VALUE! | T4: X | U4: =(P4+S4)/2 -> #VALUE! | V4: =AVERAGE(Q4,T4)/F4 -> #DIV/0! | W4: =N4-U4 -> #VALUE! | Y4: =Y3 -> #VALUE! | Z4: =(1/0.03114)*LN(Y4/W4) -> #VALUE! | AA4: =2019-Z4 -> #VALUE! | AG4: =AG3 -> #VALUE! | AH4: =W4+J4 -> #VALUE! | AI4: =AI3 -> #VALUE! | AJ4: =W4-J4 -> #VALUE! | AK4: =2019-((1/0.03114)*LN(AG4/AH4)) -> #VALUE! | AL4: =2019-((1/0.03114)*LN(AI4/AJ4)) -> #VALUE! | AM4: =AK4-AA4 -> #VALUE! | AN4: =AA4-AL4 -> #VALUE!
A5: NBP1902 | B5: ='Sample Weight Measurements'!A5 -> XXXX | C5: 2019 | D5: ='Sample Weight Measurements'!B5 -> X | E5: ='Sample Weight Measurements'!C5 -> #VALUE! | F5: ='Sample Weight Measurements'!M5 -> #VALUE! | G5: 20 | H5: X | I5: X | J5: =I5/F5 -> #VALUE! | K5: =H5/F5 -> #VALUE! | L5: ='Self absorption correction'!J5 -> #VALUE! | M5: =H5/L5 -> #VALUE! | N5: =K5/L5 -> #VALUE! | O5: X | P5: =O5/F5 -> #VALUE! | Q5: X | R5: X | S5: =R5/F5 -> #VALUE! | T5: X | U5: =(P5+S5)/2 -> #VALUE! | V5: =AVERAGE(Q5,T5)/F5 -> #DIV/0! | W5: =N5-U5 -> #VALUE! | Y5: =Y4 -> #VALUE! | Z5: =(1/0.03114)*LN(Y5/W5) -> #VALUE! | AA5: =2019-Z5 -> #VALUE! | AG5: =AG4 -> #VALUE! | AH5: =W5+J5 -> #VALUE! | AI5: =AI4 -> #VALUE! | AJ5: =W5-J5 -> #VALUE! | AK5: =2019-((1/0.03114)*LN(AG5/AH5)) -> #VALUE! | AL5: =2019-((1/0.03114)*LN(AI5/AJ5)) -> #VALUE! | AM5: =AK5-AA5 -> #VALUE! | AN5: =AA5-AL5 -> #VALUE!
A6: NBP1902 | B6: ='Sample Weight Measurements'!A6 -> XXXX | C6: 2019 | D6: ='Sample Weight Measurements'!B6 -> X | E6: ='Sample Weight Measurements'!C6 -> #VALUE! | F6: ='Sample Weight Measurements'!M6 -> #VALUE! | G6: 20 | H6: X | I6: X | J6: =I6/F6 -> #VALUE! | K6: =H6/F6 -> #VALUE! | L6: ='Self absorption correction'!J6 -> #VALUE! | M6: =H6/L6 -> #VALUE! | N6: =K6/L6 -> #VALUE! | O6: X | P6: =O6/F6 -> #VALUE! | Q6: X | R6: X | S6: =R6/F6 -> #VALUE! | T6: X | U6: =(P6+S6)/2 -> #VALUE! | V6: =AVERAGE(Q6,T6)/F6 -> #DIV/0! | W6: =N6-U6 -> #VALUE! | Y6: =Y5 -> #VALUE! | Z6: =(1/0.03114)*LN(Y6/W6) -> #VALUE! | AA6: =2019-Z6 -> #VALUE! | AG6: =AG5 -> #VALUE! | AH6: =W6+J6 -> #VALUE! | AI6: =AI5 -> #VALUE! | AJ6: =W6-J6 -> #VALUE! | AK6: =2019-((1/0.03114)*LN(AG6/AH6)) -> #VALUE! | AL6: =2019-((1/0.03114)*LN(AI6/AJ6)) -> #VALUE! | AM6: =AK6-AA6 -> #VALUE! | AN6: =AA6-AL6 -> #VALUE!
A7: NBP1902 | B7: ='Sample Weight Measurements'!A7 -> XXXX | C7: 2019 | D7: ='Sample Weight Measurements'!B7 -> X | E7: ='Sample Weight Measurements'!C7 -> #VALUE! | F7: ='Sample Weight Measurements'!M7 -> #VALUE! | G7: 20 | H7: X | I7: X | J7: =I7/F7 -> #VALUE! | K7: =H7/F7 -> #VALUE! | L7: ='Self absorption correction'!J7 -> #VALUE! | M7: =H7/L7 -> #VALUE! | N7: =K7/L7 -> #VALUE! | O7: X | P7: =O7/F7 -> #VALUE! | Q7: X | R7: X | S7: =R7/F7 -> #VALUE! | T7: X | U7: =(P7+S7)/2 -> #VALUE! | V7: =AVERAGE(Q7,T7)/F7 -> #DIV/0! | W7: =N7-U7 -> #VALUE! | Y7: =Y6 -> #VALUE! | Z7: =(1/0.03114)*LN(Y7/W7) -> #VALUE! | AA7: =2019-Z7 -> #VALUE! | AG7: =AG6 -> #VALUE! | AH7: =W7+J7 -> #VALUE! | AI7: =AI6 -> #VALUE! | AJ7: =W7-J7 -> #VALUE! | AK7: =2019-((1/0.03114)*LN(AG7/AH7)) -> #VALUE! | AL7: =2019-((1/0.03114)*LN(AI7/AJ7)) -> #VALUE! | AM7: =AK7-AA7 -> #VALUE! | AN7: =AA7-AL7 -> #VALUE!
A8: NBP1902 | B8: ='Sample Weight Measurements'!A8 -> XXXX | C8: 2019 | D8: ='Sample Weight Measurements'!B8 -> X | E8: ='Sample Weight Measurements'!C8 -> #VALUE! | F8: ='Sample Weight Measurements'!M8 -> #VALUE! | G8: 20 | H8: X | I8: X | J8: =I8/F8 -> #VALUE! | K8: =H8/F8 -> #VALUE! | L8: ='Self absorption correction'!J8 -> #VALUE! | M8: =H8/L8 -> #VALUE! | N8: =K8/L8 -> #VALUE! | O8: X | P8: =O8/F8 -> #VALUE! | Q8: X | R8: X | S8: =R8/F8 -> #VALUE! | T8: X | U8: =(P8+S8)/2 -> #VALUE! | V8: =AVERAGE(Q8,T8)/F8 -> #DIV/0! | W8: =N8-U8 -> #VALUE! | Y8: =Y7 -> #VALUE! | Z8: =(1/0.03114)*LN(Y8/W8) -> #VALUE! | AA8: =2019-Z8 -> #VALUE! | AG8: =AG7 -> #VALUE! | AH8: =W8+J8 -> #VALUE! | AI8: =AI7 -> #VALUE! | AJ8: =W8-J8 -> #VALUE! | AK8: =2019-((1/0.03114)*LN(AG8/AH8)) -> #VALUE! | AL8: =2019-((1/0.03114)*LN(AI8/AJ8)) -> #VALUE! | AM8: =AK8-AA8 -> #VALUE! | AN8: =AA8-AL8 -> #VALUE!
A9: NBP1902 | B9: ='Sample Weight Measurements'!A9 -> XXXX | C9: 2019 | D9: ='Sample Weight Measurements'!B9 -> X | E9: ='Sample Weight Measurements'!C9 -> #VALUE! | F9: ='Sample Weight Measurements'!M9 -> #VALUE! | G9: 20 | H9: X | I9: X | J9: =I9/F9 -> #VALUE! | K9: =H9/F9 -> #VALUE! | L9: ='Self absorption correction'!J9 -> #VALUE! | M9: =H9/L9 -> #VALUE! | N9: =K9/L9 -> #VALUE! | O9: X | P9: =O9/F9 -> #VALUE! | Q9: X | R9: X | S9: =R9/F9 -> #VALUE! | T9: X | U9: =(P9+S9)/2 -> #VALUE! | V9: =AVERAGE(Q9,T9)/F9 -> #DIV/0! | W9: =N9-U9 -> #VALUE! | Y9: =Y8 -> #VALUE! | Z9: =(1/0.03114)*LN(Y9/W9) -> #VALUE! | AA9: =2019-Z9 -> #VALUE! | AG9: =AG8 -> #VALUE! | AH9: =W9+J9 -> #VALUE! | AI9: =AI8 -> #VALUE! | AJ9: =W9-J9 -> #VALUE! | AK9: =2019-((1/0.03114)*LN(AG9/AH9)) -> #VALUE! | AL9: =2019-((1/0.03114)*LN(AI9/AJ9)) -> #VALUE! | AM9: =AK9-AA9 -> #VALUE! | AN9: =AA9-AL9 -> #VALUE!
A10: NBP1902 | B10: ='Sample Weight Measurements'!A10 -> XXXX | C10: 2019 | D10: ='Sample Weight Measurements'!B10 -> X | E10: ='Sample Weight Measurements'!C10 -> #VALUE! | F10: ='Sample Weight Measurements'!M10 -> #VALUE! | G10: 20 | H10: X | I10: X | J10: =I10/F10 -> #VALUE! | K10: =H10/F10 -> #VALUE! | L10: ='Self absorption correction'!J10 -> #VALUE! | M10: =H10/L10 -> #VALUE! | N10: =K10/L10 -> #VALUE! | O10: X | P10: =O10/F10 -> #VALUE! | Q10: X | R10: X | S10: =R10/F10 -> #VALUE! | T10: X | U10: =(P10+S10)/2 -> #VALUE! | V10: =AVERAGE(Q10,T10)/F10 -> #DIV/0! | W10: =N10-U10 -> #VALUE! | Y10: =Y9 -> #VALUE! | Z10: =(1/0.03114)*LN(Y10/W10) -> #VALUE! | AA10: =2019-Z10 -> #VALUE! | AG10: =AG9 -> #VALUE! | AH10: =W10+J10 -> #VALUE! | AI10: =AI9 -> #VALUE! | AJ10: =W10-J10 -> #VALUE! | AK10: =2019-((1/0.03114)*LN(AG10/AH10)) -> #VALUE! | AL10: =2019-((1/0.03114)*LN(AI10/AJ10)) -> #VALUE! | AM10: =AK10-AA10 -> #VALUE! | AN10: =AA10-AL10 -> #VALUE!
A11: NBP1902 | B11: ='Sample Weight Measurements'!A11 -> XXXX | C11: 2019 | D11: ='Sample Weight Measurements'!B11 -> X | E11: ='Sample Weight Measurements'!C11 -> #VALUE! | F11: ='Sample Weight Measurements'!M11 -> #VALUE! | G11: 20 | H11: X | I11: X | J11: =I11/F11 -> #VALUE! | K11: =H11/F11 -> #VALUE! | L11: ='Self absorption correction'!J11 -> #VALUE! | M11: =H11/L11 -> #VALUE! | N11: =K11/L11 -> #VALUE! | O11: X | P11: =O11/F11 -> #VALUE! | Q11: X | R11: X | S11: =R11/F11 -> #VALUE! | T11: X | U11: =(P11+S11)/2 -> #VALUE! | V11: =AVERAGE(Q11,T11)/F11 -> #DIV/0! | W11: =N11-U11 -> #VALUE! | Y11: =Y10 -> #VALUE! | Z11: =(1/0.03114)*LN(Y11/W11) -> #VALUE! | AA11: =2019-Z11 -> #VALUE! | AG11: =AG10 -> #VALUE! | AH11: =W11+J11 -> #VALUE! | AI11: =AI10 -> #VALUE! | AJ11: =W11-J11 -> #VALUE! | AK11: =2019-((1/0.03114)*LN(AG11/AH11)) -> #VALUE! | AL11: =2019-((1/0.03114)*LN(AI11/AJ11)) -> #VALUE! | AM11: =AK11-AA11 -> #VALUE! | AN11: =AA11-AL11 -> #VALUE!
A12: NBP1902 | B12: ='Sample Weight Measurements'!A12 -> XXXX | C12: 2019 | D12: ='Sample Weight Measurements'!B12 -> X | E12: ='Sample Weight Measurements'!C12 -> #VALUE! | F12: ='Sample Weight Measurements'!M12 -> #VALUE! | G12: 20 | H12: X | I12: X | J12: =I12/F12 -> #VALUE! | K12: =H12/F12 -> #VALUE! | L12: ='Self absorption correction'!J12 -> #VALUE! | M12: =H12/L12 -> #VALUE! | N12: =K12/L12 -> #VALUE! | O12: X | P12: =O12/F12 -> #VALUE! | Q12: X | R12: X | S12: =R12/F12 -> #VALUE! | T12: X | U12: =(P12+S12)/2 -> #VALUE! | V12: =AVERAGE(Q12,T12)/F12 -> #DIV/0! | W12: =N12-U12 -> #VALUE! | Y12: =Y11 -> #VALUE! | Z12: =(1/0.03114)*LN(Y12/W12) -> #VALUE! | AA12: =2019-Z12 -> #VALUE! | AG12: =AG11 -> #VALUE! | AH12: =W12+J12 -> #VALUE! | AI12: =AI11 -> #VALUE! | AJ12: =W12-J12 -> #VALUE! | AK12: =2019-((1/0.03114)*LN(AG12/AH12)) -> #VALUE! | AL12: =2019-((1/0.03114)*LN(AI12/AJ12)) -> #VALUE! | AM12: =AK12-AA12 -> #VALUE! | AN12: =AA12-AL12 -> #VALUE!
A13: NBP1902 | B13: ='Sample Weight Measurements'!A13 -> XXXX | C13: 2019 | D13: ='Sample Weight Measurements'!B13 -> X | E13: ='Sample Weight Measurements'!C13 -> #VALUE! | F13: ='Sample Weight Measurements'!M13 -> #VALUE! | G13: 20 | H13: X | I13: X | J13: =I13/F13 -> #VALUE! | K13: =H13/F13 -> #VALUE! | L13: ='Self absorption correction'!J13 -> #VALUE! | M13: =H13/L13 -> #VALUE! | N13: =K13/L13 -> #VALUE! | O13: X | P13: =O13/F13 -> #VALUE! | Q13: X | R13: X | S13: =R13/F13 -> #VALUE! | T13: X | U13: =(P13+S13)/2 -> #VALUE! | V13: =AVERAGE(Q13,T13)/F13 -> #DIV/0! | W13: =N13-U13 -> #VALUE! | Y13: =Y12 -> #VALUE! | Z13: =(1/0.03114)*LN(Y13/W13) -> #VALUE! | AA13: =2019-Z13 -> #VALUE! | AG13: =AG12 -> #VALUE! | AH13: =W13+J13 -> #VALUE! | AI13: =AI12 -> #VALUE! | AJ13: =W13-J13 -> #VALUE! | AK13: =2019-((1/0.03114)*LN(AG13/AH13)) -> #VALUE! | AL13: =2019-((1/0.03114)*LN(AI13/AJ13)) -> #VALUE! | AM13: =AK13-AA13 -> #VALUE! | AN13: =AA13-AL13 -> #VALUE!
A14: NBP1902 | B14: ='Sample Weight Measurements'!A14 -> XXXX | C14: 2019 | D14: ='Sample Weight Measurements'!B14 -> X | E14: ='Sample Weight Measurements'!C14 -> #VALUE! | F14: ='Sample Weight Measurements'!M14 -> #VALUE! | G14: 20 | H14: X | I14: X | J14: =I14/F14 -> #VALUE! | K14: =H14/F14 -> #VALUE! | L14: ='Self absorption correction'!J14 -> #VALUE! | M14: =H14/L14 -> #VALUE! | N14: =K14/L14 -> #VALUE! | O14: X | P14: =O14/F14 -> #VALUE! | Q14: X | R14: X | S14: =R14/F14 -> #VALUE! | T14: X | U14: =(P14+S14)/2 -> #VALUE! | V14: =AVERAGE(Q14,T14)/F14 -> #DIV/0! | W14: =N14-U14 -> #VALUE! | Y14: =Y13 -> #VALUE! | Z14: =(1/0.03114)*LN(Y14/W14) -> #VALUE! | AA14: =2019-Z14 -> #VALUE! | AG14: =AG13 -> #VALUE! | AH14: =W14+J14 -> #VALUE! | AI14: =AI13 -> #VALUE! | AJ14: =W14-J14 -> #VALUE! | AK14: =2019-((1/0.03114)*LN(AG14/AH14)) -> #VALUE! | AL14: =2019-((1/0.03114)*LN(AI14/AJ14)) -> #VALUE! | AM14: =AK14-AA14 -> #VALUE! | AN14: =AA14-AL14 -> #VALUE!
A15: NBP1902 | B15: ='Sample Weight Measurements'!A15 -> XXXX | C15: 2019 | D15: ='Sample Weight Measurements'!B15 -> X | E15: ='Sample Weight Measurements'!C15 -> #VALUE! | F15: ='Sample Weight Measurements'!M15 -> #VALUE! | G15: 20 | H15: X | I15: X | J15: =I15/F15 -> #VALUE! | K15: =H15/F15 -> #VALUE! | L15: ='Self absorption correction'!J15 -> #VALUE! | M15: =H15/L15 -> #VALUE! | N15: =K15/L15 -> #VALUE! | O15: X | P15: =O15/F15 -> #VALUE! | Q15: X | R15: X | S15: =R15/F15 -> #VALUE! | T15: X | U15: =(P15+S15)/2 -> #VALUE! | V15: =AVERAGE(Q15,T15)/F15 -> #DIV/0! | W15: =N15-U15 -> #VALUE! | Y15: =Y14 -> #VALUE! | Z15: =(1/0.03114)*LN(Y15/W15) -> #VALUE! | AA15: =2019-Z15 -> #VALUE! | AG15: =AG14 -> #VALUE! | AH15: =W15+J15 -> #VALUE! | AI15: =AI14 -> #VALUE! | AJ15: =W15-J15 -> #VALUE! | AK15: =2019-((1/0.03114)*LN(AG15/AH15)) -> #VALUE! | AL15: =2019-((1/0.03114)*LN(AI15/AJ15)) -> #VALUE! | AM15: =AK15-AA15 -> #VALUE! | AN15: =AA15-AL15 -> #VALUE!
... A17: NBP1902 | B17: ='Sample Weight Measurements'!A17 -> XXXX | C17: 2019 | D17: ='Sample Weight Measurements'!B17 -> X | E17: ='Sample Weight Measurements'!C17 -> #VALUE! | F17: ='Sample Weight Measurements'!M17 -> #VALUE! | G17: 20 | H17: X | I17: X | J17: =I17/F17 -> #VALUE! | K17: =H17/F17 -> #VALUE! | L17: ='Self absorption correction'!J17 -> #VALUE! | M17: =H17/L17 -> #VALUE! | N17: =K17/L17 -> #VALUE! | O17: X | P17: =O17/F17 -> #VALUE! | Q17: X | R17: X | S17: =R17/F17 -> #VALUE! | T17: X | U17: =(P17+S17)/2 -> #VALUE! | V17: =AVERAGE(Q17,T17)/F17 -> #DIV/0! | W17: =N17-U17 -> #VALUE! | Y17: =Y16 -> #VALUE! | Z17: =(1/0.03114)*LN(Y17/W17) -> #VALUE! | AA17: =2019-Z17 -> #VALUE! | AG17: =AG16 -> #VALUE! | AH17: =W17+J17 -> #VALUE! | AI17: =AI16 -> #VALUE! | AJ17: =W17-J17 -> #VALUE! | AK17: =2019-((1/0.03114)*LN(AG17/AH17)) -> #VALUE! | AL17: =2019-((1/0.03114)*LN(AI17/AJ17)) -> #VALUE! | AM17: =AK17-AA17 -> #VALUE! | AN17: =AA17-AL17 -> #VALUE!
A18: NBP1902 | B18: ='Sample Weight Measurements'!A18 -> XXXX | C18: 2019 | D18: ='Sample Weight Measurements'!B18 -> X | E18: ='Sample Weight Measurements'!C18 -> #VALUE! | F18: ='Sample Weight Measurements'!M18 -> #VALUE! | G18: 20 | H18: X | I18: X | J18: =I18/F18 -> #VALUE! | K18: =H18/F18 -> #VALUE! | L18: ='Self absorption correction'!J18 -> #VALUE! | M18: =H18/L18 -> #VALUE! | N18: =K18/L18 -> #VALUE! | O18: X | P18: =O18/F18 -> #VALUE! | Q18: X | R18: X | S18: =R18/F18 -> #VALUE! | T18: X | U18: =(P18+S18)/2 -> #VALUE! | V18: =AVERAGE(Q18,T18)/F18 -> #DIV/0! | W18: =N18-U18 -> #VALUE! | Y18: =Y16 -> #VALUE! | Z18: =(1/0.03114)*LN(Y18/W18) -> #VALUE! | AA18: =2019-Z18 -> #VALUE! | AG18: =AG17 -> #VALUE! | AH18: =W18+J18 -> #VALUE! | AI18: =AI17 -> #VALUE! | AJ18: =W18-J18 -> #VALUE! | AK18: =2019-((1/0.03114)*LN(AG18/AH18)) -> #VALUE! | AL18: =2019-((1/0.03114)*LN(AI18/AJ18)) -> #VALUE! | AM18: =AK18-AA18 -> #VALUE! | AN18: =AA18-AL18 -> #VALUE!
A19: NBP1902 | B19: ='Sample Weight Measurements'!A19 -> XXXX | C19: 2019 | D19: ='Sample Weight Measurements'!B19 -> X | E19: ='Sample Weight Measurements'!C19 -> #VALUE! | F19: ='Sample Weight Measurements'!M19 -> #VALUE! | G19: 20 | H19: X | I19: X | J19: =I19/F19 -> #VALUE! | K19: =H19/F19 -> #VALUE! | L19: ='Self absorption correction'!J19 -> #VALUE! | M19: =H19/L19 -> #VALUE! | N19: =K19/L19 -> #VALUE! | O19: X | P19: =O19/F19 -> #VALUE! | Q19: X | R19: X | S19: =R19/F19 -> #VALUE! | T19: X | U19: =(P19+S19)/2 -> #VALUE! | V19: =AVERAGE(Q19,T19)/F19 -> #DIV/0! | W19: =N19-U19 -> #VALUE! | Y19: =Y18 -> #VALUE! | Z19: =(1/0.03114)*LN(Y19/W19) -> #VALUE! | AA19: =2019-Z19 -> #VALUE! | AG19: =AG18 -> #VALUE! | AH19: =W19+J19 -> #VALUE! | AI19: =AI18 -> #VALUE! | AJ19: =W19-J19 -> #VALUE! | AK19: =2019-((1/0.03114)*LN(AG19/AH19)) -> #VALUE! | AL19: =2019-((1/0.03114)*LN(AI19/AJ19)) -> #VALUE! | AM19: =AK19-AA19 -> #VALUE! | AN19: =AA19-AL19 -> #VALUE!
R29: 1.2537353 | S29: 0 | T29: =22.3*S29 -> 0
R30: =R29/2 -> 0.62686764 | S30: 1 | T30: =22.3*S30 -> 22.3 | V30: y
R31: =R30/2 -> 0.31343382 | S31: 2 | T31: =22.3*S31 -> 44.6 | V31: 0.10603356
R32: =R31/2 -> 0.15671691 | S32: 3 | T32: =22.3*S32 -> 66.9 | V32: =V31/1.2537 -> 0.084576499
R33: =R32/2 -> 0.078358455 | S33: 4 | T33: =22.3*S33 -> 89.2 | V33: =LN(V32) -> -2.4700988
R34: =R33/2 -> 0.039179228 | S34: 5 | T34: =22.3*S34 -> 111.5 | V34: =V33/(-0.031) -> 79.680608
R35: =R34/2 -> 0.019589614 | S35: 6 | T35: =22.3*S35 -> 133.8
